{
  "epoch": [
    1,
    2,
    3,
    4,
    5,
    6,
    7,
    8,
    9,
    10,
    11,
    12,
    13,
    14,
    15,
    16,
    17,
    18,
    19,
    20
  ],
  "loss": [
    7.5885671973228455,
    7.692153304815292,
    7.61490885913372,
    7.697203949093819,
    7.71717794239521,
    7.847896084189415,
    7.817053705453873,
    7.9395826160907745,
    7.852253884077072,
    8.004397720098495,
    8.048958972096443,
    8.01690573990345,
    8.11310550570488,
    8.077638864517212,
    7.9173997193574905,
    8.023794904351234,
    8.099877715110779,
    8.056067824363708,
    8.099848508834839,
    8.173479408025742
  ],
  "bit_acc": [
    0.49316406063735485,
    0.4967447919771075,
    0.505452474579215,
    0.4998372383415699,
    0.4921875009313226,
    0.5050862627103925,
    0.5028483094647527,
    0.5046386728063226,
    0.4957275362685323,
    0.4999593095853925,
    0.5055745495483279,
    0.500732421875,
    0.5034586563706398,
    0.5019124364480376,
    0.4972737627103925,
    0.4988199882209301,
    0.50439453125,
    0.49914550594985485,
    0.5040690116584301,
    0.5034179696813226
  ],
  "psnr": [
    9.718167557808886,
    8.073204716203378,
    8.16292573135842,
    7.256765805488017,
    6.36582641446677,
    6.265441605939543,
    6.096025906381245,
    5.450571941242535,
    5.40917772697243,
    5.296460404413942,
    5.316158098801664,
    5.174078717833463,
    5.071054384473273,
    5.355826826938422,
    6.234063752395672,
    5.914851213135091,
    5.7546559838082905,
    6.490399113259377,
    6.266136614093027,
    6.27166505688237
  ],
  "ssim": [
    0.010522889933781698,
    0.008718731725821272,
    0.009554864576784894,
    0.007700292408117093,
    0.004660094229620881,
    0.004674883366533322,
    0.004189015737210866,
    0.0020079183668713085,
    0.002715980837820098,
    0.001843639121943852,
    0.0019943005390814506,
    0.0015782675000082236,
    0.0013878503832529532,
    0.002695342514925869,
    0.005756722152000293,
    0.003934980908525176,
    0.003314752953883726,
    0.0055947689834283665,
    0.005575328541453928,
    0.005463451307150535
  ],
  "time": [
    24.42776107788086,
    24.14908194541931,
    24.126410007476807,
    24.212062120437622,
    24.3529109954834,
    24.439465761184692,
    24.26924204826355,
    23.77336597442627,
    24.616792678833008,
    23.98490595817566,
    23.845309019088745,
    24.812725067138672,
    24.8138267993927,
    24.066515922546387,
    24.47939395904541,
    24.494192838668823,
    25.27402114868164,
    26.19500494003296,
    26.360743045806885,
    28.789113759994507
  ]
}